corpus_size,nlist,nprobe,recall_at_10,flat_overlap_at_10,latency_ms,avg_scanned_vectors
10000,128,1,0.5347865971417536,0.4515643105446118,0.006294901504378004,99.66599073001159
10000,128,2,0.6875724217844728,0.6050115874855156,0.007039426421016284,194.3505214368482
10000,128,4,0.8007676709154113,0.738702201622248,0.01005008690422595,372.8742757821553
10000,128,8,0.8878186558516802,0.8424101969872537,0.020962340673885003,711.356604866744
10000,128,16,0.9386828891463885,0.9188296639629201,0.03982850521656405,1371.8780417149478
10000,128,32,0.9655272305909618,0.9676129779837774,0.06365614136544581,2672.8592120509848
10000,128,64,0.9804943993820008,0.9928447276940903,0.13683482039287345,5218.766222479722
10000,128,128,0.9831498648126689,1.0,0.3025340961742534,10000.0
30000,256,1,0.49917921977597524,0.42734646581691765,0.010657908456580257,142.32589803012746
30000,256,2,0.650323483970645,0.570712630359212,0.019114600231085643,276.13731170336035
30000,256,4,0.7564213982232522,0.6985225955967556,0.035137572422857546,539.1028389339514
30000,256,8,0.8481073773657783,0.8047798377752029,0.06751526651351858,1055.2274044032445
30000,256,16,0.9097141753572808,0.8842120509849363,0.1315847045166576,2070.949594438007
30000,256,32,0.948604673619158,0.9416570104287371,0.28572155272278277,4104.618771726536
30000,256,64,0.9653099652375434,0.9779258400926999,0.605866222478025,8116.556778679027
30000,256,128,0.9761249517188103,0.9956546929316339,1.29245347624222,15809.101390498261
50000,512,1,0.4590575511780611,0.37775202780996525,0.011064107760154077,116.88267670915411
50000,512,2,0.606266898416377,0.5198435689455388,0.018487688294307813,228.12891077636152
50000,512,4,0.7259801081498649,0.6479142526071844,0.03786535341605444,444.6129779837775
50000,512,8,0.8166280417149478,0.7570683661645423,0.06814936268700342,869.5365005793743
50000,512,16,0.8790797605252992,0.8460312862108924,0.1437950173812014,1711.9991309385864
50000,512,32,0.923667439165701,0.9124855156431054,0.2828566048665675,3364.6500579374274
50000,512,64,0.9476149092313636,0.9576477404403245,0.5681051564289769,6667.212340672074
50000,512,128,0.9609887987640015,0.9839513325608344,1.2054323290856401,13215.8792004635
